qid,text
ocvfamru,Happy 18th Birthday! 47 Things You Can Legally Do Once You Become an Adult
rrhgggjr,How to Handle an Egotistical Friend
keuirzrc,How to Know if You're Too Old for Something
cgvcbtha,How to Leave Home for the First Time
oryurztg,How to Have a Great Future
jgpepwoa,How to Be Less Impulsive
rovusthf,How to Deal With a Mean Friend
ecugqivo,How to Act More Grown Up
icpanrxq,How to Get Your Friend to Stop Copying You
iauqzlge,How to Discipline Yourself
dwdgiekh,How to Become a Certified Project Management Professional
uuvygizf,How to Deal With a Jealous Friend
gfgkrtcp,How to Be a Young Adult
twiinczx,How to Behave Yourself
nnmsamjr,How to Become an Adult
ldeaknuf,How to Deal With a Self Centered Friend
uyokmxts,How to Deal With a Manipulative Friend
ebflctdg,How to Deal With a Backstabbing Friend
ftearudl,How to Be Grown Up
liannncj,How to Grow Up and Get a Life
vnjuucot,How to Have Willpower
zudbvjng,How to Calculate Man Hours
pxjnxctn,How to Deal With an Abusive Friend
paqnapbt,How to Not Act Like a Child
hmeptjxb,How to Calculate FTE
nwgjsnus,How to Make a Project Plan
isrdnewo,How to Manage a Project
mjpcjhie,The Best Ways to Deal with a Friend Who Brags
hmfgdvvj,How to Be a Mature Young Adult
dugjqsdx,How to Act More Mature in Daily Surroundings
tzsxsxqk,How to Bring Discipline into Your Life
edbikben,How to Stop Being Called a Child
ppynnqlb,How to Know when You Are Grown Up
zapzcnyb,How to Write a Project Management Report
atlhzlei,How to Deal With Temptation
rsfvukyo,How to Deal With a Moody Friend
bwpfozxq,How to Do a Project
ivkypzsh,How to Act Like an Adult
ieivgjdc,How to Complete a Project on Time
prtldpzc,How to Build Self Discipline As a Teen
stvqyvwr,"14 Ways to Say No to Yourself, Resist Temptation, & Reach Your Goals"
undgnnco,How to Create a Project Financial Plan
euxjnrah,How to Prepare for Life As an Adult: 17 Great Tips
mvsjmhbf,How to Mature From a Girl to a Woman
afxwhehr,How to Resist Temptation
xnvxupil,How to Prepare a Bill of Quantities in Construction
kxecugld,How to Be Independent While Living in Your Parent's House
ndvivciz,How to Cope With an Annoying Friend
hykxnluu,How to Grow Up
qamnenug,How to build and improve your self control
